,contra_no,contra_yes,accuracy,macro avg,weighted avg
precision,0.782258064516129,0.7264150943396226,0.7420814479638009,0.7543365794278758,0.7496619416529193
recall,0.5271739130434783,0.8953488372093024,0.7420814479638009,0.7112613751263903,0.7420814479638009
f1-score,0.6298701298701298,0.8020833333333334,0.7420814479638009,0.7159767316017316,0.7303927689957102
support,184.0,258.0,0.7420814479638009,442.0,442.0
