,precision,recall,f1-score,support
contra_no,0.782258064516129,0.5271739130434783,0.6298701298701298,184.0
contra_yes,0.7264150943396226,0.8953488372093024,0.8020833333333334,258.0
accuracy,,,0.7420814479638009,
macro avg,0.7543365794278758,0.7112613751263903,0.7159767316017316,442.0
weighted avg,0.7496619416529193,0.7420814479638009,0.7303927689957102,442.0
